cross-domain-model-complexity_PARTICIPANT_SESSION_2022-11-07_10h04.34.652.csv,
cross-domain-model-complexity_PARTICIPANT_SESSION_2022-11-07_09h46.29.861.csv,
cross-domain-model-complexity_PARTICIPANT_SESSION_2022-11-07_10h52.54.118.csv,
cross-domain-model-complexity_PARTICIPANT_SESSION_2022-11-07_08h01.02.654.csv,
cross-domain-model-complexity_PARTICIPANT_SESSION_2022-11-07_10h47.39.406.csv,
cross-domain-model-complexity_PARTICIPANT_SESSION_2022-11-07_09h07.34.261.csv,
cross-domain-model-complexity_PARTICIPANT_SESSION_2022-11-07_09h36.00.267.csv,
cross-domain-model-complexity_PARTICIPANT_SESSION_2022-11-07_10h21.48.331.csv,
cross-domain-model-complexity_PARTICIPANT_SESSION_2022-11-07_11h47.24.123.csv,
cross-domain-model-complexity_PARTICIPANT_SESSION_2022-11-07_10h41.18.254.csv,
cross-domain-model-complexity_PARTICIPANT_SESSION_2022-11-07_11h09.59.497.csv,
cross-domain-model-complexity_PARTICIPANT_SESSION_2022-11-07_09h56.17.452.csv,
cross-domain-model-complexity_PARTICIPANT_SESSION_2022-11-07_07h31.49.807.csv,
cross-domain-model-complexity_PARTICIPANT_SESSION_2022-11-07_07h31.28.9.csv,
cross-domain-model-complexity_PARTICIPANT_SESSION_2022-11-07_11h38.39.255.csv,
cross-domain-model-complexity_PARTICIPANT_SESSION_2022-11-07_09h56.17.615.csv,
cross-domain-model-complexity_PARTICIPANT_SESSION_2022-11-07_10h56.48.819.csv,
cross-domain-model-complexity_PARTICIPANT_SESSION_2022-11-07_07h28.52.424.csv,
cross-domain-model-complexity_PARTICIPANT_SESSION_2022-11-07_10h16.12.294.csv,
cross-domain-model-complexity_PARTICIPANT_SESSION_2022-11-07_08h55.09.290.csv,
cross-domain-model-complexity_PARTICIPANT_SESSION_2022-11-07_10h10.08.183.csv,
cross-domain-model-complexity_PARTICIPANT_SESSION_2022-11-07_10h40.46.808.csv,
cross-domain-model-complexity_PARTICIPANT_SESSION_2022-11-07_10h10.23.454.csv,
cross-domain-model-complexity_PARTICIPANT_SESSION_2022-11-07_10h51.58.684.csv,
cross-domain-model-complexity_PARTICIPANT_SESSION_2022-11-07_10h30.02.151.csv,
cross-domain-model-complexity_PARTICIPANT_SESSION_2022-11-07_10h27.34.656.csv,
cross-domain-model-complexity_PARTICIPANT_SESSION_2022-11-07_12h37.02.443.csv,
cross-domain-model-complexity_PARTICIPANT_SESSION_2022-11-07_10h58.25.225.csv,
cross-domain-model-complexity_PARTICIPANT_SESSION_2022-11-07_10h48.32.181.csv,
cross-domain-model-complexity_PARTICIPANT_SESSION_2022-11-07_10h39.34.71.csv,
cross-domain-model-complexity_PARTICIPANT_SESSION_2022-11-07_10h24.16.679.csv,
cross-domain-model-complexity_PARTICIPANT_SESSION_2022-11-07_07h47.18.348.csv,
cross-domain-model-complexity_PARTICIPANT_SESSION_2022-11-07_09h11.54.707.csv,
cross-domain-model-complexity_PARTICIPANT_SESSION_2022-11-07_10h01.12.787.csv,
cross-domain-model-complexity_PARTICIPANT_SESSION_2022-11-07_12h22.40.999.csv,
cross-domain-model-complexity_PARTICIPANT_SESSION_2022-11-07_09h59.44.893.csv,
cross-domain-model-complexity_PARTICIPANT_SESSION_2022-11-07_09h43.58.183.csv,
cross-domain-model-complexity_PARTICIPANT_SESSION_2022-11-07_09h49.44.617.csv,
cross-domain-model-complexity_PARTICIPANT_SESSION_2022-11-07_10h55.18.999.csv,
cross-domain-model-complexity_PARTICIPANT_SESSION_2022-11-07_09h43.45.553.csv,
cross-domain-model-complexity_PARTICIPANT_SESSION_2022-11-07_10h45.10.717.csv,
cross-domain-model-complexity_PARTICIPANT_SESSION_2022-11-07_10h29.34.44.csv,
cross-domain-model-complexity_PARTICIPANT_SESSION_2022-11-07_08h13.54.330.csv,
cross-domain-model-complexity_PARTICIPANT_SESSION_2022-11-07_10h51.39.695.csv,
cross-domain-model-complexity_PARTICIPANT_SESSION_2022-11-07_11h19.10.142.csv,
cross-domain-model-complexity_PARTICIPANT_SESSION_2022-11-07_11h00.16.615.csv,
cross-domain-model-complexity_PARTICIPANT_SESSION_2022-11-07_15h20.31.439.csv,
